bond_id,bond_nm
111007,永和转债
123161,强联转债
118023,广大转债
123162,东杰转债
127075,百川转 2
110090,爱迪转债
128046,利尔转债
110061,川投转债
113642,上22转债
110038,济川转债
113591,胜达转债
132018,G三峡EB1
110056,亨通转债
128073,哈尔转债
127058,科伦转债
113626,伯特转债
110053,苏银转债
123110,九典转债
123057,美联转债
128081,海亮转债
118025,奕瑞转债
132021,19中电EB
113598,法兰转债
123067,斯莱转债
111000,起帆转债
128029,太阳转债
123123,江丰转债
123164,法本转债
128069,华森转债
113659,莱克转债
110085,通22转债
118022,锂科转债
113537,文灿转债
110068,龙净转债
127074,麦米转2
128106,华统转债
118024,冠宇转债
128022,众信转债
113585,寿仙转债
128141,旺能转债
123092,天壕转债
127045,牧原转债
110052,贵广转债
128128,齐翔转2
127072,博实转债
123085,万顺转2
127073,天赐转债
110077,洪城转债
128091,新天转债
113615,金诚转债
118021,新致转债
128083,新北转债
113570,百达转债
128095,恩捷转债
113050,南银转债
113567,君禾转债
110084,贵燃转债
118026,利元转债
113025,明泰转债
113044,大秦转债
113649,丰山转债
113039,嘉泽转债
123107,温氏转债
123060,苏试转债
123012,万顺转债
128111,中矿转债
113647,禾丰转债
128087,孚日转债
123139,铂科转债
110079,杭银转债
113657,再22转债
128015,久其转债
113055,成银转债
123089,九洲转2
123080,海波转债
123163,金沃转债
127027,靖远转债
110043,无锡转债
128082,华锋转债
128037,岩土转债
128034,江银转债
123112,万讯转债
127038,国微转债
113504,艾华转债
113640,苏利转债
123121,帝尔转债
128130,景兴转债
113534,鼎胜转债
128121,宏川转债
128066,亚泰转债
123071,天能转债
128042,凯中转债
128017,金禾转债
128040,华通转债
110074,精达转债
123114,三角转债
128140,润建转债
127032,苏行转债
113622,杭叉转债
123083,朗新转债
113027,华钰转债
113051,节能转债
127064,杭氧转债
128145,日丰转债
113634,珀莱转债
123147,中辰转债
128033,迪龙转债
127070,大中转债
127028,英特转债
128119,龙大转债
127014,北方转债
123125,元力转债
127043,川恒转债
127065,瑞鹄转债
110048,福能转债
123052,飞鹿转债
128048,张行转债
132014,18中化EB
113525,台华转债
113057,中银转债
123133,佩蒂转债
123150,九强转债
127012,招路转债
127040,国泰转债
110083,苏租转债
113637,华翔转债
118019,金盘转债
123148,上能转债
123130,设研转债
128109,楚江转债
113629,泉峰转债
127049,希望转2
123098,一品转债
113062,常银转债
113016,小康转债
127060,湘佳转债
123165,回天转债
128100,搜特转债
127006,敖东转债
128021,兄弟转债
113631,皖天转债
110080,东湖转债
123160,泰福转债
113595,花王转债
123063,大禹转债
123158,宙邦转债
123105,拓尔转债
132026,G三峡EB2
127020,中金转债
110055,伊力转债
113516,苏农转债
110075,南航转债
113011,光大转债
123044,红相转债
127030,盛虹转债
113060,浙22转债
127029,中钢转债
113033,利群转债
127035,濮耐转债
123046,天铁转债
127052,西子转债
123146,中环转2
113582,火炬转债
118014,高测转债
110088,淮22转债
113045,环旭转债
113658,密卫转债
110057,现代转债
118020,芳源转债
127063,贵轮转债
128090,汽模转2
127007,湖广转债
127037,银轮转债
128075,远东转债
111002,特纸转债
127036,三花转债
123078,飞凯转债
110089,兴发转债
123156,博汇转债
123134,卡倍转债
127039,北港转债
113654,永02转债
128085,鸿达转债
128114,正邦转债
113545,金能转债
113609,永安转债
111003,聚合转债
113561,正裕转债
113058,友发转债
123120,隆华转债
128134,鸿路转债
110067,华安转债
113526,联泰转债
118016,京源转债
123031,晶瑞转债
123025,精测转债
111004,明新转债
127059,永东转2
113546,迪贝转债
128101,联创转债
128133,奇正转债
128025,特一转债
113505,杭电转债
128049,华源转债
113532,海环转债
123149,通裕转债
123022,长信转债
128076,金轮转债
127076,中宠转2
110060,天路转债
123087,明电转债
123157,科蓝转债
123091,长海转债
132020,19蓝星EB
113549,白电转债
127016,鲁泰转债
113577,春秋转债
113030,东风转债
110070,凌钢转债
113648,巨星转债
128078,太极转债
127033,中装转2
118003,华兴转债
127042,嘉美转债
111005,富春转债
113600,新星转债
113048,晶科转债
111006,嵘泰转债
113024,核建转债
123127,耐普转债
113618,美诺转债
113013,国君转债
123103,震安转债
123118,惠城转债
110086,精工转债
113017,吉视转债
123075,贝斯转债
127005,长证转债
123119,康泰转2
110064,建工转债
123152,润禾转债
123090,三诺转债
120002,18中原EB
127021,特发转2
123014,凯发转债
123144,裕兴转债
123061,航新转债
113632,鹤21转债
123129,锦鸡转债
118017,深科转债
113061,拓普转债
118013,道通转债
110087,天业转债
123151,康医转债
118012,微芯转债
128044,岭南转债
127069,小熊转债
123100,朗科转债
128127,文科转债
128097,奥佳转债
113656,嘉诚转债
113619,世运转债
123050,聚飞转债
123108,乐普转2
128137,洁美转债
123088,威唐转债
127019,国城转债
128071,合兴转债
128120,联诚转债
113628,晨丰转债
113651,松霖转债
118009,华锐转债
123077,汉得转债
127018,本钢转债
113621,彤程转债
123132,回盛转债
123035,利德转债
128144,利民转债
113524,奇精转债
128053,尚荣转债
113653,永22转债
113588,润达转债
123159,崧盛转债
118006,阿拉转债
113053,隆22转债
128143,锋龙转债
132022,20广版EB
113519,长久转债
128039,三力转债
123145,药石转债
127071,天箭转债
128026,众兴转债
111001,山玻转债
127054,双箭转债
113565,宏辉转债
123002,国祯转债
110063,鹰19转债
123082,北陆转债
128056,今飞转债
128129,青农转债
128122,兴森转债
123048,应急转债
128079,英联转债
123153,英力转债
127061,美锦转债
113602,景20转债
123010,博世转债
128036,金农转债
118011,银微转债
128070,智能转债
128023,亚太转债
113563,柳药转债
110047,山鹰转债
118007,山石转债
127055,精装转债
113021,中信转债
128014,永东转债
127026,超声转债
123059,银信转债
113054,绿动转债
113542,好客转债
118018,瑞科转债
123141,宏丰转债
113037,紫银转债
123140,天地转债
127015,希望转债
127062,垒知转债
127034,绿茵转债
123154,火星转债
123106,正丹转债
127056,中特转债
123054,思特转债
113594,淳中转债
132015,18中油EB
113047,旗滨转债
127017,万青转债
123136,城市转债
113056,重银转债
113052,兴业转债
123155,中陆转债
110058,永鼎转债
123142,申昊转债
118008,海优转债
110073,国投转债
113049,长汽转债
123131,奥飞转债
113636,甬金转债
128132,交建转债
113046,金田转债
110082,宏发转债
128124,科华转债
127067,恒逸转2
113059,福莱转债
127057,盘龙转债
113655,欧22转债
113579,健友转债
128123,国光转债
123109,昌红转债
127050,麒麟转债
113566,翔港转债
113641,华友转债
110045,海澜转债
113604,多伦转债
113530,大丰转债
128105,长集转债
128135,洽洽转债
118000,嘉元转债
113043,财通转债
113610,灵康转债
127022,恒逸转债
113605,大参转债
113650,博22转债
118015,芯海转债
127068,顺博转债
127046,百润转债
123038,联得转债
128117,道恩转债
123056,雪榕转债
128041,盛路转债
113643,风语转债
127053,豪美转债
123115,捷捷转债
127025,冀东转债
110062,烽火转债
127031,洋丰转债
127024,盈峰转债
123004,铁汉转债
113601,塞力转债
113644,艾迪转债
113535,大业转债
123138,丝路转债
128063,未来转债
110072,广汇转债
113597,佳力转债
128062,亚药转债
113527,维格转债
113578,全筑转债
113606,荣泰转债
127051,博杰转债
118005,天奈转债
113042,上银转债
118010,洁特转债
110076,华海转债
113652,伟22转债
123064,万孚转债
123049,维尔转债
128142,新乳转债
123096,思创转债
113573,纵横转债
127047,帝欧转债
113593,沪工转债
123117,健帆转债
123122,富瀚转债
128131,崇达转2
127066,科利转债
123128,首华转债
127041,弘亚转债
113639,华正转债
123116,万兴转债
113638,台21转债
123124,晶瑞转2
128030,天康转债
118004,博瑞转债
128072,翔鹭转债
113623,凤21转债
123101,拓斯转债
123011,德尔转债
113646,永吉转债
127044,蒙娜转债
113625,江山转债
110059,浦发转债
113608,威派转债
128125,华阳转债
123099,普利转债
128035,大族转债
123034,通光转债
123018,溢利转债
123113,仙乐转债
128118,瀛通转债
128136,立讯转债
128116,瑞达转债
110081,闻泰转债
128108,蓝帆转债
113624,正川转债
123104,卫宁转债
123126,瑞丰转债
123039,开润转债
123076,强力转债
128074,游族转债
113616,韦尔转债
127004,模塑转债
123093,金陵转债
123135,泰林转债
128138,侨银转债
110044,广电转债
113569,科达转债
123015,蓝盾转债
123143,胜蓝转债
123065,宝莱转债
113589,天创转债
113633,科沃转债
113575,东时转债
113627,太平转债
113576,起步转债
113574,华体转债
113596,城地转债
123072,乐歌转债
113584,家悦转债
123013,横河转债
123027,蓝晓转债
113635,升21转债
123137,锦浪转债
118001,金博转债
113502,嘉澳转债
123023,迪森转债
123062,三超转债
123097,美力转债
127048,中大转债
113620,傲农转债
123045,雷迪转债
123086,海兰转债
123084,高澜转债
128139,祥鑫转债
132011,17浙报EB
123073,同和转债
113548,石英转债
113630,赛伍转债
123070,鹏辉转债
113599,嘉友转债
128013,洪涛转债
132009,17中油EB
128107,交科转债
110071,湖盐转债
127013,创维转债
113541,荣晟转债
113568,新春转债
127003,海印转债
132008,17山高EB
113550,常汽转债
132017,19新钢EB
118002,天合转债
113036,宁建转债
132016,19东创EB
123024,岱勒转债
110066,盛屯转债
113026,核能转债
128093,百川转债
128103,同德转债
123111,东财转3
128096,奥瑞转债
123042,银河转债
128094,星帅转债
127011,中鼎转2
128113,比音转债
123043,正元转债
128050,钧达转债
113034,滨化转债
113009,广汽转债
110034,九州转债
113536,三星转债
123053,宝通转债
113607,伟20转债
113528,长城转债
123081,精研转债
110051,中天转债
123074,隆利转债
113614,健20转债
113603,东缆转债
123028,清水转债
128057,博彦转债
113580,康隆转债
123102,华自转债
123069,金诺转债
110033,国贸转债
110041,蒙电转债
132004,15国盛EB
132007,16凤凰EB
128018,时达转债
120003,19华菱EB
120004,20华菱EB
123047,久吾转债
123051,今天转债
123068,弘信转债
113014,林洋转债
113572,三祥转债
123030,九洲转债
113612,永冠转债
123079,运达转债
128051,光华转债
123094,星源转2
113012,骆驼转债
113508,新凤转债
123033,金力转债
128064,司尔转债
113509,新泉转债
123066,赛意转债
123007,道氏转债
113040,星宇转债
113611,福20转债
128032,双环转债
127023,华菱转2
113543,欧派转债
123058,欣旺转债
110065,淮矿转债
123029,英科转债
113041,紫金转债
113559,永创转债
132006,16皖新EB
110031,航信转债
113564,天目转债
128126,赣锋转2
113557,森特转债
110069,瀚蓝转债
113038,隆20转债
128052,凯龙转债
113029,明阳转债
113590,海容转债
113592,安20转债
128028,赣锋转债
113583,益丰转债
127008,特发转债
128112,歌尔转2
128065,雅化转债
128010,蔚蓝转债
123055,晨光转债
123017,寒锐转债
128115,巨星转债
113587,泛微转债
128110,永兴转债
113035,福莱转债
113556,至纯转债
113586,上机转债
113008,电气转债
113032,桐20转债
113520,百合转债
128019,久立转2
128104,裕同转债
128102,海大转债
113562,璞泰转债
123026,中环转债
113581,龙蟠转债
123036,先导转债
132005,15国资EB
113553,金牌转债
113555,振德转债
123032,万里转债
113020,桐昆转债
113521,科森转债
128058,拓邦转债
132013,17宝武EB
128099,永高转债
113571,博特转债
128098,康弘转债
128067,一心转债
128043,东音转债
113028,环境转债
113544,桃李转债
128092,唐人转债
113547,索发转债
113554,仙鹤转债
123037,新莱转债
128084,木森转债
110042,航电转债
113019,玲珑转债
123020,富祥转债
132012,17巨化EB
113031,博威转债
113514,威帝转债
113518,顾家转债
123041,东财转2
128045,机电转债
128086,国轩转债
113022,浙商转债
123040,乐普转债
128088,深南转债
113558,日月转债
128089,麦米转债
128059,视源转债
113552,克来转债
128080,顺丰转债
113551,福特转债
128077,华夏转债
128054,中宠转债
113515,高能转债
113511,千禾转债
113503,泰晶转债
128012,辉丰转债
113531,百姓转债
123021,万信转2
110050,佳都转债
128055,长青转2
113517,曙光转债
128016,雨虹转债
123019,中来转债
113510,再升转债
113540,南威转债
110046,圆通转债
123009,星源转债
110054,通威转债
128038,利欧转债
123016,洲明转债
113539,圣达转债
128061,启明转债
113522,旭升转债
113538,安图转债
128060,中装转债
123003,蓝思转债
113523,伟明转债
128068,和而转债
128020,水晶转债
113533,参林转债
110049,海尔转债
110030,格力转债
113529,绝味转债
113507,天马转债
128047,光电转债
127009,冰轮转债
123001,蓝标转债
128027,崇达转债
127010,平银转债
113015,隆基转债
128024,宁行转债
110040,生益转债
113513,安井转债
120001,16以岭EB
132010,17桐昆EB
113018,常熟转债
123006,东财转债
113506,鼎信转债
123008,康泰转债
113512,景旺转债
110032,三一转债
113010,江南转债
132003,15清控EB
132002,15天集EB
123005,万信转债
110039,宝信转债
132001,14宝钢EB
128011,汽模转债
128009,歌尔转债
110035,白云转债
113501,洛钼转债 
113007,吉视转债
110023,民生转债
128007,通鼎转债
128008,齐峰转债
125089,深机转债
126729,燕京转债
110029,浙能转债
128002,东华转债
128005,齐翔转债
110012,海运转债
113006,深燃转债
110011,歌华转债
110019,恒丰转债
110028,冠城转债
128006,长青转债
110020,南山转债
113001,中行转债
110022,同仁转债
110018,国电转债
110027,东方转债
113002,工行转债
110015,石化转债
110017,中海转债
127002,徐工转债
113005,平安转债
110025,国金转债
128004,久立转债
110024,隧道转债
113003,重工转债
128003,华天转债
128001,泰尔转债
110007,博汇转债
110016,川投转债
125887,中鼎转债
110003,新钢转债
129031,巨轮转2
125731,美丰转债
110009,双良转债
123095,日升转债
